Workbook
Name list: '[1]End user price list 2015'!$A$2:$E$4952

Sheet КСС
A1: № | B1: ЕЛЕКТРИЧЕСКИ ТАБЛА | C1: МЯРКА | D1: К-ВО | E1: ЕД.ЦЕНА ДОСТАВКА | F1: СУМА
A2: 1 | B2: =Табла!C1 -> ГЕТ А секция 1 | C2: бр. | D2: =Табла!F1 -> 1 | E2: =Табла!F19 -> 861.21 | F2: =D2*E2 -> 861.21
A3: 2 | B3: =Табла!C21 -> ГЕТ А секция 2 | C3: бр. | D3: =Табла!F21 -> 1 | E3: =Табла!F37 -> 782.81 | F3: =D3*E3 -> 782.81
A4: 3 | B4: =Табла!C39 -> ГЕТ Б секция 1 | C4: бр. | D4: =Табла!F39 -> 1 | E4: =Табла!F57 -> 837.88 | F4: =D4*E4 -> 837.88
A5: 4 | B5: =Табла!C59 -> ГЕТ Б секция 2 | C5: бр. | D5: =Табла!F59 -> 1 | E5: =Табла!F75 -> 775.75 | F5: =D5*E5 -> 775.75
A6: 5 | B6: =Табла!C77 -> 0 | C6: бр. | D6: =Табла!F77 -> 1 | E6: =Табла!F109 -> 0 | F6: =D6*E6 -> 0
A7: 6 | B7: =Табла!C111 -> 0 | C7: бр. | D7: =Табла!F111 -> 1 | E7: =Табла!F144 -> 0 | F7: =D7*E7 -> 0
A8: 7 | B8: =Табла!C146 -> 0 | C8: бр. | D8: =Табла!F146 -> 1 | E8: =Табла!F180 -> 0 | F8: =D8*E8 -> 0
A9: 8 | B9: =Табла!C182 -> 0 | C9: бр. | D9: =Табла!F182 -> 1 | E9: =Табла!F215 -> 0 | F9: =D9*E9 -> 0
A10: 9 | B10: =Табла!C217 -> 0 | C10: бр. | D10: =Табла!F217 -> 1 | E10: =Табла!F253 -> 0 | F10: =D10*E10 -> 0
A11: 10 | B11: =Табла!C255 -> 0 | C11: бр. | D11: =Табла!F255 -> 1 | E11: =Табла!F288 -> 0 | F11: =D11*E11 -> 0
A12: 11 | B12: =Табла!C290 -> 0 | C12: бр. | D12: =Табла!F290 -> 1 | E12: =Табла!F323 -> 0 | F12: =D12*E12 -> 0
A13: 12 | B13: =Табла!C325 -> 0 | C13: бр. | D13: =Табла!F325 -> 1 | E13: =Табла!F358 -> 0 | F13: =D13*E13 -> 0
A14: 13 | B14: =Табла!C360 -> 0 | C14: бр. | D14: =Табла!F360 -> 1 | E14: =Табла!F393 -> 0 | F14: =D14*E14 -> 0
A15: 14 | B15: =Табла!C395 -> 0 | C15: бр. | D15: =Табла!F395 -> 1 | E15: =Табла!F428 -> 0 | F15: =D15*E15 -> 0
A16: 15 | B16: =Табла!C430 -> 0 | C16: бр. | D16: =Табла!F430 -> 1 | E16: =Табла!F463 -> 0 | F16: =D16*E16 -> 0
A17: 16 | B17: =Табла!C465 -> 0 | C17: бр. | D17: =Табла!F465 -> 1 | E17: =Табла!F498 -> 0 | F17: =D17*E17 -> 0
A18: 17 | B18: =Табла!C500 -> 0 | C18: бр. | D18: =Табла!F500 -> 1 | E18: =Табла!F533 -> 0 | F18: =D18*E18 -> 0
A19: 18 | B19: =Табла!C535 -> 0 | C19: бр. | D19: =Табла!F535 -> 1 | E19: =Табла!F568 -> 0 | F19: =D19*E19 -> 0
A20: 19 | B20: =Табла!C570 -> 0 | C20: бр. | D20: =Табла!F570 -> 1 | E20: =Табла!F603 -> 0 | F20: =D20*E20 -> 0
A21: 20 | B21: =Табла!C605 -> 0 | C21: бр. | D21: =Табла!F605 -> 1 | E21: =Табла!F638 -> 0 | F21: =D21*E21 -> 0
A22: 21 | B22: =Табла!C640 -> 0 | C22: бр. | D22: =Табла!F640 -> 1 | E22: =Табла!F673 -> 0 | F22: =D22*E22 -> 0
A23: 22 | B23: =Табла!C675 -> 0 | C23: бр. | D23: =Табла!F675 -> 1 | E23: =Табла!F708 -> 0 | F23: =D23*E23 -> 0
A24: 23 | B24: =Табла!C710 -> 0 | C24: бр. | D24: =Табла!F710 -> 1 | E24: =Табла!F743 -> 0 | F24: =D24*E24 -> 0
A25: 24 | B25: =Табла!C745 -> 0 | C25: бр. | D25: =Табла!F745 -> 1 | E25: =Табла!F778 -> 0 | F25: =D25*E25 -> 0
A26: 25 | B26: =Табла!C780 -> 0 | C26: бр. | D26: =Табла!F780 -> 1 | E26: =Табла!F813 -> 0 | F26: =D26*E26 -> 0
A27: 26 | B27: =Табла!C815 -> 0 | C27: бр. | D27: =Табла!F815 -> 1 | E27: =Табла!F848 -> 0 | F27: =D27*E27 -> 0
A28: 27 | B28: =Табла!C850 -> 0 | C28: бр. | D28: =Табла!F850 -> 1 | E28: =Табла!F883 -> 0 | F28: =D28*E28 -> 0
A29: 28 | B29: =Табла!C885 -> 0 | C29: бр. | D29: =Табла!F885 -> 1 | E29: =Табла!F918 -> 0 | F29: =D29*E29 -> 0
A30: 29 | B30: =Табла!C920 -> 0 | C30: бр. | D30: =Табла!F920 -> 1 | E30: =Табла!F953 -> 0 | F30: =D30*E30 -> 0
A31: 30 | B31: =Табла!C955 -> 0 | C31: бр. | D31: =Табла!F955 -> 1 | E31: =Табла!F988 -> 0 | F31: =D31*E31 -> 0
A32: 31 | B32: =Табла!C990 -> 0 | C32: бр. | D32: =Табла!F990 -> 1 | E32: =Табла!F1023 -> 0 | F32: =D32*E32 -> 0
A33: 32 | B33: =Табла!C1025 -> 0 | C33: бр. | D33: =Табла!F1025 -> 1 | E33: =Табла!F1058 -> 0 | F33: =D33*E33 -> 0
A34: 33 | B34: =Табла!C1060 -> 0 | C34: бр. | D34: =Табла!F1060 -> 1 | E34: =Табла!F1093 -> 0 | F34: =D34*E34 -> 0
A35: 34 | B35: =Табла!C1095 -> 0 | C35: бр. | D35: =Табла!F1095 -> 1 | E35: =Табла!F1128 -> 0 | F35: =D35*E35 -> 0
A36: 35 | B36: =Табла!C1130 -> 0 | C36: бр. | D36: =Табла!F1130 -> 1 | E36: =Табла!F1163 -> 0 | F36: =D36*E36 -> 0
A37: 36 | B37: =Табла!C1165 -> 0 | C37: бр. | D37: =Табла!F1165 -> 1 | E37: =Табла!F1198 -> 0 | F37: =D37*E37 -> 0
A38: 37 | B38: =Табла!C1200 -> 0 | C38: бр. | D38: =Табла!F1200 -> 1 | E38: =Табла!F1233 -> 0 | F38: =D38*E38 -> 0
A39: 38 | B39: =Табла!C1235 -> 0 | C39: бр. | D39: =Табла!F1235 -> 1 | E39: =Табла!F1268 -> 0 | F39: =D39*E39 -> 0
A40: 39 | B40: =Табла!C1270 -> 0 | C40: бр. | D40: =Табла!F1270 -> 1 | E40: =Табла!F1303 -> 0 | F40: =D40*E40 -> 0
A41: 40 | B41: =Табла!C1305 -> 0 | C41: бр. | D41: =Табла!F1305 -> 1 | E41: =Табла!F1338 -> 0 | F41: =D41*E41 -> 0
A42: 41 | B42: =Табла!C1340 -> 0 | C42: бр. | D42: =Табла!F1340 -> 1 | E42: =Табла!F1373 -> 0 | F42: =D42*E42 -> 0
A43: 42 | B43: =Табла!C1375 -> 0 | C43: бр. | D43: =Табла!F1375 -> 1 | E43: =Табла!F1408 -> 0 | F43: =D43*E43 -> 0
A44: 43 | B44: =Табла!C1410 -> 0 | C44: бр. | D44: =Табла!F1410 -> 1 | E44: =Табла!F1443 -> 0 | F44: =D44*E44 -> 0
A45: 44 | B45: =Табла!C1445 -> 0 | C45: бр. | D45: =Табла!F1445 -> 1 | E45: =Табла!F1478 -> 0 | F45: =D45*E45 -> 0
A46: 45 | B46: =Табла!C1480 -> 0 | C46: бр. | D46: =Табла!F1480 -> 1 | E46: =Табла!F1513 -> 0 | F46: =D46*E46 -> 0
A47: 46 | B47: =Табла!C1515 -> 0 | C47: бр. | D47: =Табла!F1515 -> 1 | E47: =Табла!F1548 -> 0 | F47: =D47*E47 -> 0
A48: 47 | B48: =Табла!C1550 -> 0 | C48: бр. | D48: =Табла!F1550 -> 1 | E48: =Табла!F1583 -> 0 | F48: =D48*E48 -> 0
A49: 48 | B49: =Табла!C1585 -> 0 | C49: бр. | D49: =Табла!F1585 -> 1 | E49: =Табла!F1618 -> 0 | F49: =D49*E49 -> 0
A50: 49 | B50: =Табла!C1620 -> 0 | C50: бр. | D50: =Табла!F1620 -> 1 | E50: =Табла!F1653 -> 0 | F50: =D50*E50 -> 0
A51: 50 | B51: =Табла!C1655 -> 0 | C51: бр. | D51: =Табла!F1655 -> 1 | E51: =Табла!F1688 -> 0 | F51: =D51*E51 -> 0
A52: 51 | B52: =Табла!C1690 -> 0 | C52: бр. | D52: =Табла!F1655 -> 1 | E52: =Табла!F1723 -> 0 | F52: =D52*E52 -> 0
A53: 52 | B53: =Табла!C1725 -> 0 | C53: бр. | D53: =Табла!F1690 -> 1 | E53: =Табла!F1758 -> 0 | F53: =D53*E53 -> 0
A54: 53 | B54: =Табла!C1760 -> 0 | C54: бр. | D54: =Табла!F1725 -> 1 | E54: =Табла!F1793 -> 0 | F54: =D54*E54 -> 0
A55: 54 | B55: =Табла!C1795 -> 0 | C55: бр. | D55: =Табла!F1760 -> 1 | E55: =Табла!F1828 -> 0 | F55: =D55*E55 -> 0
A56: 55 | B56: =Табла!C1830 -> 0 | C56: бр. | D56: =Табла!F1795 -> 1 | E56: =Табла!F1863 -> 0 | F56: =D56*E56 -> 0
B57: СУМА: | F57: =SUM(F2:F56) -> 3257.65

Sheet Табла
A1: 1 | B1: Табло: | C1: ГЕТ А секция 1 | E1: Количество: | F1: 1
A2: № | B2: Код | C2: Наименование на стоките и услугите | D2: К-во | E2: Ед. цена | F2: Стойност
A3: 1 | B3: 004671073 | C3: Автоматичен прекъсвач лят корпус EB2 250/3L 250A 3p | D3: 1 | E3: 246.46 | F3: =D3*E3 -> 246.46
A4: 2 | B4: 002423314 | C4: Товаров прекъсвач SV 363 3p 63A | D4: 2 | E4: 21.67 | F4: =D4*E4 -> 43.34
A5: 3 | B5: 002423114 | C5: Товаров прекъсвач SV 163 1p 63A | D5: 37 | E5: 7.44 | F5: =D5*E5 -> 275.28
A6: 4 | B6: 002423314 | C6: Товаров прекъсвач SV 363 3p 63A | D6: 2 | E6: 21.67 | F6: =D6*E6 -> 43.34
A7: 5 | B7: 001900336 | C7: Миниатюрен автоматичен прекъсвач ETIMAT P6 3p C63 | D7: 1 | E7: 26.68 | F7: =D7*E7 -> 26.68
A8: 6 | B8: 001900334 | C8: Миниатюрен автоматичен прекъсвач ETIMAT P6 3p C40 | D8: 1 | E8: 15.77 | F8: =D8*E8 -> 15.77
A9: 7 | B9: 001900030 | C9: Миниатюрен автоматичен прекъсвач ETIMAT P6 1p C16 | D9: 12 | E9: 3.57 | F9: =D9*E9 -> 42.84
A10: 8 | B10: 001900034 | C10: Миниатюрен автоматичен прекъсвач ETIMAT P6 1p C40 | D10: 5 | E10: 4.7 | F10: =D10*E10 -> 23.5
A11: 9 | B11: 001900035 | C11: Миниатюрен автоматичен прекъсвач ETIMAT P6 1p C50 | D11: 20 | E11: 7.2 | F11: =D11*E11 -> 144
A12: 10 | F12: =D12*E12 -> 0
E13: Сума за ел. компоненти | F13: =SUM(F3:F12) -> 861.21
A15: 1 | C15: Метално табло | D15: 1 | F15: =D15*E15 -> 0
A16: 2 | C16: Консумативи | D16: 1 | F16: =D16*E16 -> 0
A17: 3 | C17: Изработка | D17: 1 | F17: =D17*E17 -> 0
E18: Сума за асемблиране | F18: =SUM(F15:F17) -> 0
E19: Общо Цена без ДДС: | F19: =F18+F13 -> 861.21
A21: 2 | B21: Табло: | C21: ГЕТ А секция 2 | E21: Количество: | F21: 1
A22: № | B22: Код | C22: Наименование на стоките и услугите | D22: К-во | E22: Ед. цена | F22: Стойност
A23: 1 | B23: 004671073 | C23: Автоматичен прекъсвач лят корпус EB2 250/3L 250A 3p | D23: 1 | E23: 246.46 | F23: =D23*E23 -> 246.46
A24: 2 | B24: 002423114 | C24: Товаров прекъсвач SV 163 1p 63A | D24: 40 | E24: 7.44 | F24: =D24*E24 -> 297.6
A25: 3 | B25: 002423314 | C25: Товаров прекъсвач SV 363 3p 63A | D25: 2 | E25: 21.67 | F25: =D25*E25 -> 43.34
A26: 4 | B26: 001900030 | C26: Миниатюрен автоматичен прекъсвач ETIMAT P6 1p C16 | D26: 15 | E26: 3.57 | F26: =D26*E26 -> 53.55
A27: 5 | B27: 001900034 | C27: Миниатюрен автоматичен прекъсвач ETIMAT P6 1p C40 | D27: 4 | E27: 4.7 | F27: =D27*E27 -> 18.8
A28: 6 | B28: 001900035 | C28: Миниатюрен автоматичен прекъсвач ETIMAT P6 1p C50 | D28: 15 | E28: 7.2 | F28: =D28*E28 -> 108
A29: 7 | B29: 001900036 | C29: Миниатюрен автоматичен прекъсвач ETIMAT P6 1p C63 | D29: 2 | E29: 7.53 | F29: =D29*E29 -> 15.06
A30: 8 | F30: =D30*E30 -> 0
E31: Сума за ел. компоненти | F31: =SUM(F23:F30) -> 782.81
A33: 1 | C33: Метално табло | D33: 1 | F33: =D33*E33 -> 0
A34: 2 | C34: Консумативи | D34: 1 | F34: =D34*E34 -> 0
A35: 3 | C35: Изработка | D35: 1 | F35: =D35*E35 -> 0
E36: Сума за асемблиране | F36: =SUM(F33:F35) -> 0
E37: Общо Цена без ДДС: | F37: =F36+F31 -> 782.81
A39: 3 | B39: Табло: | C39: ГЕТ Б секция 1 | E39: Количество: | F39: 1
A40: № | B40: Код | C40: Наименование на стоките и услугите | D40: К-во | E40: Ед. цена | F40: Стойност
A41: 1 | B41: 004671073 | C41: Автоматичен прекъсвач лят корпус EB2 250/3L 250A 3p | D41: 1 | E41: 246.46 | F41: =D41*E41 -> 246.46
A42: 2 | B42: 002423314 | C42: Товаров прекъсвач SV 363 3p 63A | D42: 2 | E42: 21.67 | F42: =D42*E42 -> 43.34
A43: 3 | B43: 002423114 | C43: Товаров прекъсвач SV 163 1p 63A | D43: 34 | E43: 7.44 | F43: =D43*E43 -> 252.96
A44: 4 | B44: 002423314 | C44: Товаров прекъсвач SV 363 3p 63A | D44: 2 | E44: 21.67 | F44: =D44*E44 -> 43.34
A45: 5 | B45: 001900336 | C45: Миниатюрен автоматичен прекъсвач ETIMAT P6 3p C63 | D45: 1 | E45: 26.68 | F45: =D45*E45 -> 26.68
A46: 6 | B46: 001900334 | C46: Миниатюрен автоматичен прекъсвач ETIMAT P6 3p C40 | D46: 1 | E46: 15.77 | F46: =D46*E46 -> 15.77
A47: 7 | B47: 001900030 | C47: Миниатюрен автоматичен прекъсвач ETIMAT P6 1p C16 | D47: 9 | E47: 3.57 | F47: =D47*E47 -> 32.13
A48: 8 | B48: 001900034 | C48: Миниатюрен автоматичен прекъсвач ETIMAT P6 1p C40 | D48: 4 | E48: 4.7 | F48: =D48*E48 -> 18.8
A49: 9 | B49: 001900035 | C49: Миниатюрен автоматичен прекъсвач ETIMAT P6 1p C50 | D49: 22 | E49: 7.2 | F49: =D49*E49 -> 158.4
A50: 10 | F50: =D50*E50 -> 0
E51: Сума за ел. компоненти | F51: =SUM(F41:F50) -> 837.88
A53: 1 | C53: Метално табло | D53: 1 | F53: =D53*E53 -> 0
A54: 2 | C54: Консумативи | D54: 1 | F54: =D54*E54 -> 0
A55: 3 | C55: Изработка | D55: 1 | F55: =D55*E55 -> 0
E56: Сума за асемблиране | F56: =SUM(F53:F55) -> 0
E57: Общо Цена без ДДС: | F57: =F56+F51 -> 837.88
A59: 4 | B59: Табло: | C59: ГЕТ Б секция 2 | E59: Количество: | F59: 1
A60: № | B60: Код | C60: Наименование на стоките и услугите | D60: К-во | E60: Ед. цена | F60: Стойност
A61: 1 | B61: 004671073 | C61: Автоматичен прекъсвач лят корпус EB2 250/3L 250A 3p | D61: 1 | E61: 246.46 | F61: =D61*E61 -> 246.46
A62: 2 | B62: 002423114 | C62: Товаров прекъсвач SV 163 1p 63A | D62: 37 | E62: 7.44 | F62: =D62*E62 -> 275.28
A63: 3 | B63: 002423314 | C63: Товаров прекъсвач SV 363 3p 63A | D63: 2 | E63: 21.67 | F63: =D63*E63 -> 43.34
A64: 4 | B64: 001900030 | C64: Миниатюрен автоматичен прекъсвач ETIMAT P6 1p C16 | D64: 12 | E64: 3.57 | F64: =D64*E64 -> 42.84
A65: 5 | B65: 001900034 | C65: Миниатюрен автоматичен прекъсвач ETIMAT P6 1p C40 | D65: 5 | E65: 4.7 | F65: =D65*E65 -> 23.5
A66: 6 | B66: 001900035 | C66: Миниатюрен автоматичен прекъсвач ETIMAT P6 1p C50 | D66: 19 | E66: 7.2 | F66: =D66*E66 -> 136.8
A67: 7 | B67: 001900036 | C67: Миниатюрен автоматичен прекъсвач ETIMAT P6 1p C63 | D67: 1 | E67: 7.53 | F67: =D67*E67 -> 7.53
A68: 8 | F68: =D68*E68 -> 0
E69: Сума за ел. компоненти | F69: =SUM(F61:F68) -> 775.75
A71: 1 | C71: Метално табло | D71: 1 | F71: =D71*E71 -> 0
A72: 2 | C72: Консумативи | D72: 1 | F72: =D72*E72 -> 0
A73: 3 | C73: Изработка | D73: 1 | F73: =D73*E73 -> 0
E74: Сума за асемблиране | F74: =SUM(F71:F73) -> 0
E75: Общо Цена без ДДС: | F75: =F74+F69 -> 775.75
A77: 5 | B77: Табло: | E77: Количество: | F77: 1
A78: № | B78: Код | C78: Наименование на стоките и услугите | D78: К-во | E78: Ед. цена | F78: Стойност
A79: 1 | F79: =D79*E79 -> 0
A80: 2 | F80: =D80*E80 -> 0
A81: 3 | F81: =D81*E81 -> 0
A82: 4 | F82: =D82*E82 -> 0
A83: 5 | F83: =D83*E83 -> 0
A84: 6 | F84: =D84*E84 -> 0
A85: 7 | F85: =D85*E85 -> 0
A86: 8 | F86: =D86*E86 -> 0
A87: 9 | F87: =D87*E87 -> 0
A88: 10 | F88: =D88*E88 -> 0
A89: 11 | F89: =D89*E89 -> 0
A90: 12 | F90: =D90*E90 -> 0
... A102: 24 | F102: =D102*E102 -> 0
E103: Сума за ел. компоненти | F103: =SUM(F79:F102) -> 0
A105: 1 | C105: Метално табло | D105: 1 | F105: =D105*E105 -> 0
A106: 2 | C106: Консумативи | D106: 1 | F106: =D106*E106 -> 0
A107: 3 | C107: Изработка | D107: 1 | F107: =D107*E107 -> 0
E108: Сума за асемблиране | F108: =SUM(F105:F107) -> 0
E109: Общо Цена без ДДС: | F109: =F108+F103 -> 0
A111: 6 | B111: Табло: | E111: Количество: | F111: 1
A112: № | B112: Код | C112: Наименование на стоките и услугите | D112: К-во | E112: Ед. цена | F112: Стойност
A113: 1 | F113: =D113*E113 -> 0
A114: 2 | F114: =D114*E114 -> 0
A115: 3 | F115: =D115*E115 -> 0
A116: 4 | F116: =D116*E116 -> 0
A117: 5 | F117: =D117*E117 -> 0
A118: 6 | F118: =D118*E118 -> 0
A119: 7 | F119: =D119*E119 -> 0
A120: 8 | F120: =D120*E120 -> 0
A121: 9 | F121: =D121*E121 -> 0
...
